customer_id,customer_id,txn_count,total_amount,mean_amount,std_amount,median_amount,foreign_txn_share,weekend_share,recency_ratio_mean,recency_ratio_std,recency_ratio_median,hour_mean,hour_std,day_mean,day_std,month_mean,month_std,intertxn_mean_s,intertxn_std_s,intertxn_median_s,intertxn_min_s,intertxn_max_s,device_type_switches,device_type_switch_rate,location_switches,location_switch_rate,transaction_type_switches,transaction_type_switch_rate,time_of_day_switches,time_of_day_switch_rate,day_of_week_switches,day_of_week_switch_rate,device_type_unique_count,device_type_mode,device_type_mode_frac,device_type_entropy,location_unique_count,location_mode,location_mode_frac,location_entropy,transaction_type_unique_count,transaction_type_mode,transaction_type_mode_frac,transaction_type_entropy,time_of_day_unique_count,time_of_day_mode,time_of_day_mode_frac,time_of_day_entropy,day_of_week_unique_count,day_of_week_mode,day_of_week_mode_frac,day_of_week_entropy,cluster
0,CUST1000,5,749.5253811864408,149.90507623728814,41.776574919753074,166.049819723403,0.0,0.2,0.9127397799528947,0.07740631223737211,0.9047619047619048,15.0,5.830951894845301,15.6,10.99090533122727,1.2,0.4472135954999579,678600.0,414500.56694774254,698400.0,223200.0,1094400.0,4.0,1.0,2.0,0.5,1.0,0.25,1.0,0.25,2.0,0.5,4,POS Terminal,0.4,1.9219280948873623,2,Kano,0.6,0.9709505944546686,2,POS,0.8,0.7219280948873623,2,Night,0.6,0.9709505944546686,3,Mon,0.4,1.5219280948873621,1
1,CUST1001,5,597.67657809052,119.53531561810401,55.87267164336109,115.2759312761,0.0,0.2,1.5425685425685427,0.9115175016892441,1.1333333333333333,10.6,7.536577472566709,22.8,8.228000972289685,1.0,0.0,448200.0,473784.25469827506,329400.0,14400.0,1119600.0,4.0,1.0,3.0,0.75,1.0,0.25,1.0,0.25,4.0,1.0,3,Mobile,0.4,1.5219280948873621,4,Port Harcourt,0.4,1.9219280948873623,2,Online,0.8,0.7219280948873623,2,Night,0.6,0.9709505944546686,3,Fri,0.4,1.5219280948873621,1
2,CUST1002,4,319.5011033911015,79.87527584777537,111.2279540259442,31.269865456340753,0.0,0.0,0.9696502057613169,0.06069958847736623,1.0,14.75,6.994045086119096,14.25,11.236102527122116,1.25,0.5,643200.0,443784.271915984,392400.0,381600.0,1155600.0,1.0,0.3333333333333333,3.0,1.0,2.0,0.6666666666666666,1.0,0.3333333333333333,3.0,1.0,2,ATM Machine,0.5,1.0,4,Abuja,0.25,2.0,3,POS,0.5,1.5,2,Night,0.75,0.8112781244591328,4,Fri,0.25,2.0,1
3,CUST1003,8,649.3232853687667,81.16541067109584,52.703245173176384,86.0891561443282,0.0,0.125,0.9753719252572055,0.11255114980973976,1.0,11.5,7.406560798180411,16.5,7.819389819088006,1.25,0.4629100498862757,409885.71428571426,258134.7156594235,439200.0,93600.0,885600.0,4.0,0.5714285714285714,4.0,0.5714285714285714,7.0,1.0,5.0,0.7142857142857143,6.0,0.8571428571428571,3,ATM Machine,0.5,1.4056390622295665,5,Ibadan,0.375,2.1556390622295662,4,Online,0.375,1.9056390622295665,3,Morning,0.5,1.5,5,Sat,0.5,2.0,0
4,CUST1004,6,550.5237536667391,91.75395894445653,113.99285538919081,56.62139187936685,0.0,0.5,1.0676352401038005,0.11549793148742608,1.0,9.666666666666666,3.8815804341359033,10.0,11.045361017187261,1.3333333333333333,0.5163977794943223,694800.0,524322.4198906623,608400.0,115200.0,1414800.0,4.0,0.8,4.0,0.8,4.0,0.8,3.0,0.6,5.0,1.0,4,Mobile,0.3333333333333333,1.9182958340544893,5,Abuja,0.3333333333333333,2.2516291673878226,3,ATM,0.5,1.4591479170272448,3,Morning,0.5,1.4591479170272448,6,Mon,0.16666666666666666,2.584962500721156,0
5,CUST1005,6,701.8789094969193,116.97981824948654,105.28460163825116,91.2230543653949,0.0,0.16666666666666666,2.962679266409006,3.9595610980994347,1.3178623606305266,4.666666666666667,5.316640543300503,12.166666666666666,7.1949056051255225,1.5,0.5477225575051662,597600.0,472629.41084955767,460800.0,14400.0,1195200.0,2.0,0.4,4.0,0.8,5.0,1.0,5.0,1.0,4.0,0.8,3,Mobile,0.5,1.4591479170272448,4,Ibadan,0.3333333333333333,1.9182958340544893,4,POS,0.3333333333333333,1.9182958340544893,4,Night,0.5,1.7924812503605778,4,Thu,0.5,1.7924812503605778,1
6,CUST1006,7,1091.0080219219308,155.8582888459901,117.36419725952243,141.215638427805,0.0,0.0,0.9482119732157278,0.32075043961584176,0.9782608695652174,11.857142857142858,7.819389819088005,19.428571428571427,7.934253648099546,1.1428571428571428,0.37796447300922725,380400.0,216822.4342636158,435600.0,32400.0,666000.0,4.0,0.6666666666666666,5.0,0.8333333333333334,3.0,0.5,6.0,1.0,5.0,0.8333333333333334,4,Mobile,0.42857142857142855,1.8423709931771088,4,Lagos,0.42857142857142855,1.8423709931771088,3,POS,0.7142857142857143,1.1488348542809166,3,Morning,0.42857142857142855,1.4488156357251847,4,Mon,0.42857142857142855,1.8423709931771088,0
7,CUST1007,6,453.8195458687044,75.6365909781174,44.486551906116894,73.55797986936881,0.0,0.0,1.0780330233526336,0.3944487699370875,1.0,11.5,8.619744775803978,15.5,7.635443667528429,1.0,0.0,381600.0,505687.8879308857,208800.0,25200.0,1267200.0,5.0,1.0,5.0,1.0,4.0,0.8,4.0,0.8,2.0,0.4,4,ATM Machine,0.3333333333333333,1.9182958340544893,4,Lagos,0.3333333333333333,1.9182958340544893,4,Online,0.3333333333333333,1.9182958340544893,4,Evening,0.3333333333333333,1.9182958340544893,3,Fri,0.5,1.4591479170272448,0
8,CUST1008,2,306.692757289536,153.346378644768,42.4072864472078,153.346378644768,0.0,0.5,1.4770114942528736,0.6745961245802695,1.4770114942528736,13.0,2.8284271247461903,6.5,4.949747468305833,1.5,0.7071067811865476,3297600.0,0.0,3297600.0,3297600.0,3297600.0,1.0,1.0,1.0,1.0,0.0,0.0,1.0,1.0,1.0,1.0,2,Mobile,0.5,1.0,2,Ibadan,0.5,1.0,1,POS,1.0,-0.0,2,Afternoon,0.5,1.0,2,Mon,0.5,1.0,1
9,CUST1009,9,607.2996141308831,67.47773490343145,49.70028312074279,65.8541120302149,0.0,0.2222222222222222,0.9162308901700202,0.11039627014583935,0.9987325728770595,14.0,8.031189202104505,20.11111111111111,10.38562040087693,1.2222222222222223,0.4409585518440984,213750.0,104496.38407961438,196200.0,79200.0,406800.0,7.0,0.875,5.0,0.625,8.0,1.0,6.0,0.75,7.0,0.875,4,POS Terminal,0.3333333333333333,1.974937501201927,4,Ibadan,0.5555555555555556,1.6577427265048887,4,POS,0.4444444444444444,1.7527152789797045,3,Night,0.5555555555555556,1.4355205042826666,5,Tue,0.4444444444444444,2.058813890331201,0
10,CUST1010,10,700.2681802593523,70.02681802593523,78.87774824054799,40.5298050523692,0.0,0.2,0.9271011516336906,0.2575707612374702,1.0,7.4,6.003702561290362,15.5,8.07258735887489,1.2,0.4216370213557839,349200.0,316994.2586230861,151200.0,39600.0,990000.0,7.0,0.7777777777777778,5.0,0.5555555555555556,5.0,0.5555555555555556,7.0,0.7777777777777778,8.0,0.8888888888888888,4,Mobile,0.4,1.8464393446710154,4,Port Harcourt,0.6,1.5709505944546687,3,Online,0.6,1.3709505944546687,4,Evening,0.4,1.8464393446710154,5,Sun,0.3,2.2464393446710154,0
11,CUST1011,4,434.7999825350672,108.6999956337668,162.43850007613108,38.19788249805475,0.0,0.25,1.0,0.0,1.0,13.25,7.544313531837518,9.75,6.238322424070967,1.25,0.5,912000.0,668789.8324585983,954000.0,223200.0,1558800.0,3.0,1.0,0.0,0.0,3.0,1.0,2.0,0.6666666666666666,2.0,0.6666666666666666,2,Mobile,0.5,1.0,1,Lagos,1.0,-0.0,3,ATM,0.5,1.5,2,Afternoon,0.5,1.0,3,Thu,0.5,1.5,1
12,CUST1012,7,818.5726479104101,116.93894970148715,103.37249426512055,46.4596907355596,0.0,0.14285714285714285,1.0031218242900126,0.2409070011929735,1.0,11.714285714285714,7.40977475398287,12.714285714285714,5.498917642417936,1.1428571428571428,0.37796447300922725,407400.0,460470.35083705443,252000.0,10800.0,1263600.0,3.0,0.5,5.0,0.8333333333333334,4.0,0.6666666666666666,5.0,0.8333333333333334,4.0,0.6666666666666666,3,POS Terminal,0.5714285714285714,1.3787834934861753,5,Abuja,0.2857142857142857,2.2359263506290326,4,POS,0.5714285714285714,1.6644977792004614,3,Evening,0.42857142857142855,1.4488156357251847,3,Sat,0.42857142857142855,1.5566567074628228,1
13,CUST1013,7,376.8691746153419,53.83845351647741,52.56340904193343,36.9200292767846,0.0,0.5714285714285714,1.1718956746806468,0.2357205733240826,1.0,10.428571428571429,7.480132415430957,16.857142857142858,6.4660284417503,1.1428571428571428,0.37796447300922725,438000.0,449597.5800646618,298800.0,61200.0,1310400.0,4.0,0.6666666666666666,6.0,1.0,5.0,0.8333333333333334,4.0,0.6666666666666666,5.0,0.8333333333333334,3,Web,0.7142857142857143,1.1488348542809166,4,Abuja,0.2857142857142857,1.950212064914747,4,ATM,0.2857142857142857,1.950212064914747,3,Evening,0.42857142857142855,1.5566567074628228,6,Mon,0.2857142857142857,2.5216406363433186,0
14,CUST1014,12,886.6565293757144,73.88804411464287,75.32347627419271,47.53793080385595,0.0,0.08333333333333333,0.8679104717736915,0.2487604471963324,0.9405405405405405,14.25,7.4360913486491365,17.083333333333332,7.971065097455847,1.0,0.0,187854.54545454544,211076.80291134014,104400.0,10800.0,619200.0,11.0,1.0,8.0,0.7272727272727273,6.0,0.5454545454545454,9.0,0.8181818181818182,11.0,1.0,4,Mobile,0.3333333333333333,1.8553885422075338,5,Lagos,0.3333333333333333,2.1258145836939115,3,Online,0.5,1.5,4,Evening,0.3333333333333333,1.9591479170272448,7,Mon,0.3333333333333333,2.584962500721156,0
15,CUST1015,11,839.2199018918341,76.2927183538031,98.13639567374392,43.2066471882015,0.0,0.2727272727272727,0.9293795472547728,0.1912863894387847,1.0,11.818181818181818,8.38830354503438,15.090909090909092,9.459963482535706,1.0909090909090908,0.30151134457776363,288360.0,232096.56610988453,403200.0,3600.0,547200.0,8.0,0.8,8.0,0.8,6.0,0.6,6.0,0.6,7.0,0.7,4,Web,0.45454545454545453,1.789929075309999,4,Port Harcourt,0.36363636363636365,1.867633890971212,4,POS,0.45454545454545453,1.789929075309999,3,Night,0.5454545454545454,1.3221793455166666,5,Fri,0.2727272727272727,2.2312702546075758,0
16,CUST1016,7,629.4693008630719,89.9241858375817,84.03366751182723,47.7248701451477,0.0,0.2857142857142857,1.0676108325840195,0.15727099116995205,1.0,9.714285714285714,5.023753102820165,15.714285714285714,9.690446940402795,1.0,0.0,355800.0,205489.26979285319,365400.0,93600.0,579600.0,3.0,0.5,5.0,0.8333333333333334,4.0,0.6666666666666666,6.0,1.0,6.0,1.0,3,Web,0.5714285714285714,1.3787834934861753,4,Ibadan,0.42857142857142855,1.8423709931771088,4,Online,0.42857142857142855,1.8423709931771088,4,Night,0.42857142857142855,1.8423709931771088,5,Fri,0.2857142857142857,2.2359263506290326,0
17,CUST1017,5,410.4630224411764,82.09260448823528,38.213709814597244,80.5816866635543,0.0,0.6,1.741764402310308,1.5595805032846337,1.0,10.6,9.555103348473002,12.4,7.76530746332687,1.0,0.0,405900.0,234661.37304635375,453600.0,79200.0,637200.0,3.0,0.75,4.0,1.0,4.0,1.0,2.0,0.5,3.0,0.75,2,POS Terminal,0.6,0.9709505944546686,4,Kano,0.4,1.9219280948873623,4,Transfer,0.4,1.9219280948873623,3,Evening,0.6,1.3709505944546687,3,Tue,0.6,1.3709505944546687,1
18,CUST1018,8,894.5592075284827,111.81990094106034,78.94888634894588,108.26175201545905,0.0,0.25,1.1908379665612756,0.20387225930975728,1.1861499350370075,15.375,7.069805008424408,8.0,7.2702917999997,1.375,0.5175491695067657,416057.14285714284,340511.6486364936,320400.0,90000.0,1018800.0,6.0,0.8571428571428571,6.0,0.8571428571428571,4.0,0.5714285714285714,6.0,0.8571428571428571,6.0,0.8571428571428571,4,ATM Machine,0.375,1.811278124459133,3,Abuja,0.375,1.561278124459133,3,POS,0.5,1.5,4,Night,0.375,1.9056390622295665,6,Mon,0.25,2.5,0
19,CUST1019,8,351.85179261919376,43.98147407739922,48.59251759725711,27.7789547940776,0.0,0.625,1.2539366042278637,0.3923087836420324,1.380844716596012,11.25,6.453127702351562,9.5,5.976143046671968,1.375,0.5175491695067657,465428.5714285714,366909.9694942694,450000.0,21600.0,1065600.0,7.0,1.0,5.0,0.7142857142857143,4.0,0.5714285714285714,4.0,0.5714285714285714,7.0,1.0,4,ATM Machine,0.25,2.0,4,Abuja,0.5,1.75,3,Online,0.5,1.4056390622295665,4,Afternoon,0.25,2.0,5,Fri,0.375,2.1556390622295662,0
20,CUST1020,7,553.4325021433472,79.06178602047817,39.54986115694798,60.5333714764734,0.0,0.2857142857142857,2.223148957165871,2.1001506942103867,1.0,11.142857142857142,8.434622525214579,9.0,3.1091263510296048,1.4285714285714286,0.5345224838248488,475200.0,784036.6930188918,194400.0,14400.0,2052000.0,5.0,0.8333333333333334,2.0,0.3333333333333333,4.0,0.6666666666666666,3.0,0.5,5.0,0.8333333333333334,3,POS Terminal,0.42857142857142855,1.4488156357251847,3,Abuja,0.42857142857142855,1.4488156357251847,3,ATM,0.42857142857142855,1.5566567074628228,3,Night,0.42857142857142855,1.5566567074628228,5,Fri,0.2857142857142857,2.2359263506290326,1
21,CUST1021,8,775.5197018578524,96.93996273223155,74.49862745063406,101.9733077225264,0.0,0.375,0.9676403724298461,0.21653727112003363,1.0,10.0,6.697547525560596,12.0,8.928285709714139,1.25,0.4629100498862757,302914.28571428574,255772.57755391105,273600.0,18000.0,810000.0,6.0,0.8571428571428571,7.0,1.0,4.0,0.5714285714285714,5.0,0.7142857142857143,7.0,1.0,4,ATM Machine,0.375,1.811278124459133,5,Port Harcourt,0.375,2.1556390622295662,3,POS,0.5,1.4056390622295665,4,Night,0.5,1.75,6,Sat,0.25,2.5,0
22,CUST1022,5,237.0584851880407,47.411697037608135,35.4605620026761,47.9146912834596,0.0,0.0,0.6245556857039961,0.3548462474068526,0.5237315875613748,11.2,6.457553716385176,8.6,8.96102672688794,1.6,0.5477225575051661,727200.0,710201.3235695917,608400.0,3600.0,1688400.0,2.0,0.5,4.0,1.0,1.0,0.25,4.0,1.0,2.0,0.5,2,POS Terminal,0.8,0.7219280948873623,4,Ibadan,0.4,1.9219280948873623,2,Online,0.8,0.7219280948873623,3,Morning,0.4,1.5219280948873621,3,Wed,0.6,1.3709505944546687,1
23,CUST1023,10,961.2227275453836,96.12227275453836,86.65313501035075,59.3498412293402,0.0,0.2,0.7764612080281367,0.25780505690113353,0.8165210792057739,13.2,5.3499740393970345,20.1,9.870832453918633,1.2,0.4216370213557839,330000.0,327773.03122740285,244800.0,86400.0,1105200.0,6.0,0.6666666666666666,8.0,0.8888888888888888,8.0,0.8888888888888888,7.0,0.7777777777777778,9.0,1.0,3,ATM Machine,0.4,1.5709505944546684,5,Port Harcourt,0.4,2.0464393446710156,4,ATM,0.4,1.8464393446710154,4,Morning,0.5,1.7609640474436812,5,Wed,0.3,2.2464393446710154,0
24,CUST1024,11,1241.9913197817414,112.90830179834012,79.97611032969576,94.633465724632,0.0,0.18181818181818182,1.0485324132266962,0.2429678842484769,1.0,13.272727272727273,4.961671272684418,17.272727272727273,8.626597348791805,1.2727272727272727,0.4670993664969138,227160.0,211421.1342321292,169200.0,7200.0,612000.0,9.0,0.9,9.0,0.9,9.0,0.9,9.0,0.9,9.0,0.9,4,POS Terminal,0.36363636363636365,1.867633890971212,5,Abuja,0.2727272727272727,2.2312702546075758,3,ATM,0.36363636363636365,1.5726236638951638,4,Afternoon,0.36363636363636365,1.9362600275315274,5,Thu,0.2727272727272727,2.2312702546075758,0
25,CUST1025,10,932.8147094881855,93.28147094881855,93.13699669947454,62.46349196793555,0.0,0.0,0.8903992724544236,0.1500645482660307,0.9764150943396226,13.0,6.236095644623235,12.1,9.596874491208062,1.4,0.5163977794943222,339200.0,362563.87023530074,118800.0,10800.0,972000.0,5.0,0.5555555555555556,6.0,0.6666666666666666,4.0,0.4444444444444444,6.0,0.6666666666666666,9.0,1.0,4,ATM Machine,0.5,1.7609640474436812,4,Abuja,0.3,1.8954618442383218,4,Online,0.4,1.7219280948873623,4,Evening,0.5,1.7609640474436812,5,Fri,0.4,2.1219280948873624,0
26,CUST1026,5,711.7106786315549,142.34213572631097,102.59259676110669,137.855887643271,0.0,0.6,1.0502564102564103,0.11237674963845097,1.0,10.6,6.877499545619759,14.6,9.476286192385707,1.0,0.0,480600.0,347724.71870719804,435600.0,162000.0,889200.0,1.0,0.25,4.0,1.0,4.0,1.0,3.0,0.75,4.0,1.0,2,Mobile,0.8,0.7219280948873623,4,Lagos,0.4,1.9219280948873623,3,ATM,0.4,1.5219280948873621,2,Night,0.6,0.9709505944546686,4,Tue,0.4,1.9219280948873623,1
27,CUST1027,7,921.2159767138626,131.60228238769466,99.73025008007366,115.117381512486,0.0,0.2857142857142857,0.9141591817546685,0.2623682531474144,0.884437596302003,17.285714285714285,3.039423504234847,15.714285714285714,8.577378887016042,1.1428571428571428,0.37796447300922725,447600.0,351236.5356849996,394200.0,3600.0,864000.0,4.0,0.6666666666666666,4.0,0.6666666666666666,4.0,0.6666666666666666,5.0,0.8333333333333334,5.0,0.8333333333333334,4,ATM Machine,0.2857142857142857,1.950212064914747,5,Ibadan,0.2857142857142857,2.2359263506290326,3,Online,0.42857142857142855,1.4488156357251847,3,Afternoon,0.42857142857142855,1.4488156357251847,5,Sun,0.42857142857142855,2.1280852788913944,0
28,CUST1028,13,741.6000294582591,57.046156112173776,51.42897743371565,53.3837310641734,0.0,0.5384615384615384,0.9221163118753607,0.14951837782923827,0.9440242057488653,11.76923076923077,7.417927003256437,14.692307692307692,9.869013927309856,1.2307692307692308,0.43852900965351466,279900.0,212708.32782773863,214200.0,3600.0,716400.0,10.0,0.8333333333333334,9.0,0.75,12.0,1.0,9.0,0.75,10.0,0.8333333333333334,4,ATM Machine,0.38461538461538464,1.8262452584026092,4,Lagos,0.38461538461538464,1.8262452584026092,4,ATM,0.3076923076923077,1.95006375643621,4,Afternoon,0.46153846153846156,1.7758589482446405,7,Wed,0.23076923076923078,2.7192945256669794,0
29,CUST1029,13,570.8790571087609,43.913773623750835,40.67326205914793,28.7827074803838,0.0,0.3076923076923077,0.8173573568430812,0.3494661997704401,1.0,7.846153846153846,7.232405706795789,15.538461538461538,8.161039400870706,1.2307692307692308,0.43852900965351466,293700.0,303475.1989267597,140400.0,7200.0,745200.0,9.0,0.75,11.0,0.9166666666666666,10.0,0.8333333333333334,9.0,0.75,10.0,0.8333333333333334,4,Mobile,0.38461538461538464,1.922023142851573,5,Lagos,0.38461538461538464,2.075869296697727,4,POS,0.38461538461538464,1.922023142851573,4,Morning,0.5384615384615384,1.6691803368667308,6,Mon,0.23076923076923078,2.5073801024236357,0
30,CUST1030,10,697.1864635440168,69.71864635440167,66.27962354756154,43.9073661040447,0.0,0.4,1.2827807981903263,0.52599191479845,1.0308641975308643,11.8,6.0699624747146865,11.7,7.36432843736164,1.1,0.31622776601683794,354800.0,373924.2169210226,172800.0,36000.0,1040400.0,7.0,0.7777777777777778,9.0,1.0,8.0,0.8888888888888888,7.0,0.7777777777777778,7.0,0.7777777777777778,4,Mobile,0.3,1.8954618442383218,5,Lagos,0.3,2.1709505944546685,4,ATM,0.3,1.8954618442383218,4,Night,0.4,1.8464393446710154,5,Mon,0.4,2.1219280948873624,0
31,CUST1031,3,278.494903045822,92.83163434860734,56.506522517038555,124.447336152044,0.0,0.3333333333333333,1.0,0.0,1.0,16.0,7.937253933193772,22.666666666666668,9.291573243177568,1.0,0.0,729000.0,725491.5574973978,729000.0,216000.0,1242000.0,2.0,1.0,1.0,0.5,1.0,0.5,2.0,1.0,2.0,1.0,3,ATM Machine,0.3333333333333333,1.584962500721156,2,Port Harcourt,0.6666666666666666,0.9182958340544896,2,POS,0.6666666666666666,0.9182958340544896,3,Evening,0.3333333333333333,1.584962500721156,3,Mon,0.3333333333333333,1.584962500721156,1
32,CUST1032,12,1149.484798186772,95.79039984889766,90.6563412526355,89.25035083949331,0.0,0.3333333333333333,1.088285206283525,0.27955389638919814,1.0022831050228311,10.0,6.701424543266223,13.083333333333334,10.04044849897683,1.25,0.45226701686664544,313200.0,271378.8790602541,194400.0,28800.0,918000.0,9.0,0.8181818181818182,11.0,1.0,8.0,0.7272727272727273,8.0,0.7272727272727273,10.0,0.9090909090909091,4,Mobile,0.3333333333333333,1.8553885422075338,5,Kano,0.3333333333333333,2.188721875540867,4,Online,0.4166666666666667,1.7841591278514217,4,Afternoon,0.5,1.7295739585136223,5,Wed,0.3333333333333333,2.188721875540867,0
33,CUST1033,3,118.21620783646159,39.405402612153864,18.455315177490366,38.77579290921,0.0,0.6666666666666666,0.867187927441296,0.19544687551481185,0.9588014981273408,4.333333333333333,4.163331998932265,14.333333333333334,10.503967504392486,1.3333333333333333,0.5773502691896258,896400.0,35638.181771801996,896400.0,871200.0,921600.0,1.0,0.5,0.0,0.0,2.0,1.0,2.0,1.0,2.0,1.0,2,ATM Machine,0.6666666666666666,0.9182958340544896,1,Lagos,1.0,-0.0,3,ATM,0.3333333333333333,1.584962500721156,3,Evening,0.3333333333333333,1.584962500721156,3,Fri,0.3333333333333333,1.584962500721156,1
34,CUST1034,8,330.686489138582,41.33581114232275,17.09672932559873,42.11934127226585,0.0,0.375,0.8512801037726114,0.194549645983474,0.9766214177978885,11.125,7.567552916422662,8.25,7.343607521414215,1.5,0.5345224838248488,468514.28571428574,363370.79055500793,601200.0,32400.0,1004400.0,5.0,0.7142857142857143,6.0,0.8571428571428571,7.0,1.0,3.0,0.42857142857142855,6.0,0.8571428571428571,4,Mobile,0.375,1.811278124459133,5,Ibadan,0.25,2.25,4,Online,0.375,1.9056390622295665,3,Afternoon,0.5,1.4056390622295665,5,Fri,0.25,2.25,0
35,CUST1035,6,611.8741167322643,101.97901945537738,82.8039424359565,85.93470900099935,0.0,0.3333333333333333,1.050142646657932,0.4140464982815538,1.0,11.666666666666666,7.420691791650336,13.5,8.360621986431392,1.0,0.0,372960.0,239969.09801055636,504000.0,25200.0,568800.0,5.0,1.0,2.0,0.4,3.0,0.6,3.0,0.6,4.0,0.8,4,ATM Machine,0.3333333333333333,1.9182958340544893,2,Ibadan,0.8333333333333334,0.6500224216483541,3,POS,0.6666666666666666,1.2516291673878228,3,Night,0.5,1.4591479170272448,5,Sun,0.3333333333333333,2.2516291673878226,1
36,CUST1036,10,646.0906645569049,64.6090664556905,58.176719728920446,38.1826669212133,0.0,0.4,0.9041755148466557,0.26198426661968355,1.00990990990991,8.4,5.796550698475776,13.6,9.299940262651631,1.4,0.5163977794943222,340400.0,250258.98585265625,295200.0,14400.0,756000.0,8.0,0.8888888888888888,8.0,0.8888888888888888,8.0,0.8888888888888888,6.0,0.6666666666666666,6.0,0.6666666666666666,4,Mobile,0.4,1.8464393446710154,5,Kano,0.4,2.1219280948873624,3,Online,0.5,1.4854752972273344,2,Evening,0.6,0.9709505944546686,4,Fri,0.5,1.7609640474436812,0
37,CUST1037,11,1324.0116109539808,120.36469190490735,92.95842602717128,102.934340821991,0.0,0.36363636363636365,0.8021890058768338,0.23337162724532748,0.8997289972899729,14.181818181818182,7.947555370278106,15.090909090909092,10.976835112677474,1.3636363636363635,0.504524979109513,279000.0,189480.34198829177,217800.0,61200.0,612000.0,8.0,0.8,9.0,0.9,3.0,0.3,5.0,0.5,10.0,1.0,4,Mobile,0.36363636363636365,1.823067982273661,4,Lagos,0.36363636363636365,1.9362600275315274,3,POS,0.8181818181818182,0.8658566174572235,4,Afternoon,0.36363636363636365,1.867633890971212,6,Fri,0.2727272727272727,2.481714572986073,0
38,CUST1038,7,277.8767434370337,39.69667763386196,21.7341832590207,41.222304922186,0.0,0.5714285714285714,0.8498137938986273,0.14161679312556602,0.8922305764411027,9.571428571428571,5.533448076836686,12.142857142857142,9.839183086492689,1.4285714285714286,0.5345224838248488,352800.0,190480.48718963316,406800.0,36000.0,522000.0,4.0,0.6666666666666666,6.0,1.0,3.0,0.5,6.0,1.0,5.0,0.8333333333333334,3,Mobile,0.7142857142857143,1.1488348542809166,5,Abuja,0.2857142857142857,2.2359263506290326,3,Transfer,0.5714285714285714,1.3787834934861753,4,Afternoon,0.42857142857142855,1.8423709931771088,5,Sun,0.2857142857142857,2.2359263506290326,0
39,CUST1039,6,240.74714188036484,40.124523646727475,42.55833564441114,19.76150423303685,0.0,0.16666666666666666,0.9914633831961589,0.12644971430412652,1.0,11.5,6.715653356152326,17.166666666666668,10.087946603083635,1.3333333333333333,0.5163977794943223,398160.0,182317.87624914898,482400.0,151200.0,554400.0,4.0,0.8,5.0,1.0,3.0,0.6,4.0,0.8,4.0,0.8,3,POS Terminal,0.5,1.4591479170272448,5,Kano,0.3333333333333333,2.2516291673878226,3,POS,0.6666666666666666,1.2516291673878228,3,Afternoon,0.5,1.4591479170272448,4,Sat,0.5,1.7924812503605778,1
40,CUST1040,8,704.1558629984941,88.01948287481176,55.97021345647412,88.08165470540115,0.0,0.5,1.1222021251121905,0.20472895523094242,1.0,12.125,7.059694449073962,13.125,10.561892417013697,1.25,0.4629100498862757,465942.85714285716,453070.43917821744,324000.0,57600.0,1429200.0,5.0,0.7142857142857143,4.0,0.5714285714285714,3.0,0.42857142857142855,6.0,0.8571428571428571,7.0,1.0,3,ATM Machine,0.5,1.5,5,Abuja,0.375,2.1556390622295662,4,POS,0.5,1.75,3,Evening,0.375,1.561278124459133,5,Mon,0.25,2.25,0
41,CUST1041,5,203.50441732650043,40.70088346530009,34.532835255397956,41.4523137380427,0.0,0.2,0.8880952578931176,0.21672212213261743,1.0,15.6,3.714835124201342,9.8,7.395944834840239,1.2,0.4472135954999579,807300.0,487622.8460603543,707400.0,331200.0,1483200.0,1.0,0.25,4.0,1.0,4.0,1.0,2.0,0.5,4.0,1.0,2,ATM Machine,0.8,0.7219280948873623,4,Abuja,0.4,1.9219280948873623,3,Online,0.4,1.5219280948873621,3,Evening,0.4,1.5219280948873621,4,Thu,0.4,1.9219280948873623,1
42,CUST1042,16,1406.4559264876,87.903495405475,63.77297825161298,66.60412718668914,0.0,0.1875,1.1493575931285844,0.29439100817197483,1.167086548754002,8.8125,6.534204873841447,10.375,8.468569340016451,1.3125,0.4787135538781691,223920.0,174856.68907504142,169200.0,18000.0,536400.0,15.0,1.0,11.0,0.7333333333333333,10.0,0.6666666666666666,11.0,0.7333333333333333,14.0,0.9333333333333333,4,Web,0.3125,1.9772170014624826,4,Port Harcourt,0.375,1.8050365325772657,4,POS,0.625,1.5487949406953985,4,Morning,0.375,1.936278124459133,7,Fri,0.25,2.625,0
43,CUST1043,9,746.4844203699411,82.9427133744379,86.3777378797149,55.2742721740575,0.0,0.3333333333333333,1.0436568683346068,0.27761456290203335,1.0,13.444444444444445,7.891627067834476,14.555555555555555,11.533766851197305,1.1111111111111112,0.3333333333333333,318150.0,299773.9291056322,221400.0,14400.0,806400.0,7.0,0.875,8.0,1.0,6.0,0.75,8.0,1.0,7.0,0.875,4,POS Terminal,0.3333333333333333,1.8910611120726526,5,Abuja,0.3333333333333333,2.197159723424149,3,Online,0.4444444444444444,1.5304930567574824,4,Afternoon,0.4444444444444444,1.7527152789797045,5,Wed,0.3333333333333333,2.197159723424149,0
44,CUST1044,9,787.0045271820949,87.44494746467721,53.34683947632229,75.8528649259921,0.0,0.3333333333333333,1.1215203532874778,0.1343032748972023,1.0848743480322427,13.666666666666666,8.246211251235321,13.333333333333334,10.851267207105352,1.1111111111111112,0.3333333333333333,417600.0,257364.932676207,338400.0,140400.0,846000.0,7.0,0.875,8.0,1.0,6.0,0.75,3.0,0.375,6.0,0.75,4,ATM Machine,0.3333333333333333,1.8910611120726526,5,Lagos,0.3333333333333333,2.197159723424149,3,POS,0.6666666666666666,1.224394445405986,3,Night,0.5555555555555556,1.3516441151533922,5,Mon,0.2222222222222222,2.2810361125534238,0
45,CUST1045,3,79.6637291207247,26.5545763735749,10.653459850912926,21.4836633928265,0.0,0.3333333333333333,1.326207504145937,0.29303511636434965,1.4114583333333333,14.333333333333334,6.506407098647712,8.666666666666666,5.8594652770823155,1.0,0.0,487800.0,379292.0774284641,487800.0,219600.0,756000.0,1.0,0.5,2.0,1.0,2.0,1.0,2.0,1.0,1.0,0.5,2,POS Terminal,0.6666666666666666,0.9182958340544896,3,Abuja,0.3333333333333333,1.584962500721156,3,ATM,0.3333333333333333,1.584962500721156,3,Afternoon,0.3333333333333333,1.584962500721156,2,Fri,0.6666666666666666,0.9182958340544896,1
46,CUST1046,5,458.7721027502027,91.75442055004054,93.18549779488474,39.8125532751198,0.0,0.0,1.008661800486618,0.019368374695618626,1.0,10.6,10.064790112068906,17.8,11.903780911962384,1.0,0.0,616500.0,523048.9460843985,585000.0,10800.0,1285200.0,3.0,0.75,3.0,0.75,4.0,1.0,3.0,0.75,4.0,1.0,3,ATM Machine,0.4,1.5219280948873621,4,Kano,0.4,1.9219280948873623,3,Online,0.4,1.5219280948873621,3,Evening,0.6,1.3709505944546687,5,Fri,0.2,2.321928094887362,1
47,CUST1047,6,400.67900677262105,66.77983446210351,62.812316690226616,45.419811908761304,0.0,0.16666666666666666,1.1124935660048192,0.1838878158065584,1.0,13.5,4.969909455915671,9.666666666666666,9.811557810392124,1.3333333333333333,0.5163977794943223,609120.0,624075.3416054827,363600.0,165600.0,1695600.0,4.0,0.8,2.0,0.4,2.0,0.4,3.0,0.6,5.0,1.0,3,POS Terminal,0.6666666666666666,1.2516291673878228,3,Kano,0.5,1.4591479170272448,2,POS,0.8333333333333334,0.6500224216483541,4,Afternoon,0.3333333333333333,1.9182958340544893,4,Tue,0.3333333333333333,1.9182958340544893,1
48,CUST1048,10,702.9374907077893,70.29374907077893,50.75546995313287,55.74330206130141,0.0,0.3,1.283055777230445,0.396037131012648,1.1583883373893353,7.4,7.351492667781452,10.9,6.789698078707183,1.2,0.4216370213557839,384800.0,309361.5360706628,360000.0,14400.0,867600.0,7.0,0.7777777777777778,8.0,0.8888888888888888,8.0,0.8888888888888888,5.0,0.5555555555555556,8.0,0.8888888888888888,4,ATM Machine,0.4,1.8464393446710154,5,Lagos,0.3,2.2464393446710154,3,Online,0.4,1.5709505944546684,4,Afternoon,0.4,1.7219280948873623,6,Sat,0.4,2.321928094887362,0
49,CUST1049,5,331.7899439145621,66.35798878291243,83.36565298784224,35.7053815394917,0.0,0.4,0.9945609945609946,0.01216198589160725,1.0,14.8,4.868264577855235,13.2,6.610597552415364,1.0,0.0,386100.0,294707.51602224197,394200.0,18000.0,738000.0,2.0,0.5,4.0,1.0,4.0,1.0,4.0,1.0,3.0,0.75,3,ATM Machine,0.4,1.5219280948873621,4,Kano,0.4,1.9219280948873623,4,Online,0.4,1.9219280948873623,3,Night,0.6,1.3709505944546687,4,Wed,0.4,1.9219280948873623,1
50,CUST1050,6,345.9756166344463,57.662602772407716,38.04445129748845,42.31625804795005,0.0,0.16666666666666666,1.1093272481260523,0.169435451245524,1.0,9.333333333333334,7.420691791650335,8.666666666666666,6.314005596027506,1.1666666666666667,0.408248290463863,670320.0,751229.5201867403,651600.0,14400.0,1857600.0,4.0,0.8,5.0,1.0,5.0,1.0,5.0,1.0,2.0,0.4,4,ATM Machine,0.5,1.7924812503605778,4,Ibadan,0.3333333333333333,1.9182958340544893,3,POS,0.5,1.4591479170272448,3,Afternoon,0.5,1.4591479170272448,3,Sat,0.3333333333333333,1.584962500721156,1
51,CUST1051,8,631.3982229482153,78.92477786852692,98.05238756210842,38.2863863136325,0.0,0.125,0.9665521669890216,0.2823379413376042,0.995,10.25,7.025463889106744,14.5,12.547054292883706,1.25,0.4629100498862757,454114.28571428574,499252.3324217639,356400.0,14400.0,1512000.0,5.0,0.7142857142857143,7.0,1.0,6.0,0.8571428571428571,7.0,1.0,5.0,0.7142857142857143,4,Web,0.625,1.5487949406953985,5,Ibadan,0.25,2.25,4,POS,0.375,1.9056390622295665,3,Evening,0.375,1.561278124459133,5,Wed,0.375,2.1556390622295662,0
52,CUST1052,7,711.7336790042018,101.67623985774311,57.19398440523552,113.805450891468,0.0,0.0,0.9130261336011449,0.29412564657943585,1.0,12.714285714285714,6.848705126136028,12.285714285714286,10.796824930109247,1.1428571428571428,0.37796447300922725,466200.0,121821.5744439383,464400.0,320400.0,608400.0,5.0,0.8333333333333334,5.0,0.8333333333333334,5.0,0.8333333333333334,4.0,0.6666666666666666,5.0,0.8333333333333334,4,ATM Machine,0.42857142857142855,1.8423709931771088,4,Ibadan,0.42857142857142855,1.8423709931771088,3,Online,0.42857142857142855,1.4488156357251847,3,Morning,0.5714285714285714,1.3787834934861753,4,Mon,0.2857142857142857,1.950212064914747,0
53,CUST1053,3,174.1780112045197,58.05933706817323,86.77261312884097,10.2050609626879,0.0,0.0,0.9171868497711194,0.12144135532273356,0.9737827715355806,12.333333333333334,10.016652800877813,16.666666666666668,12.858201014657274,1.3333333333333333,0.5773502691896258,468000.0,269831.9477007865,468000.0,277200.0,658800.0,1.0,0.5,2.0,1.0,1.0,0.5,2.0,1.0,2.0,1.0,2,Web,0.6666666666666666,0.9182958340544896,3,Ibadan,0.3333333333333333,1.584962500721156,2,Online,0.6666666666666666,0.9182958340544896,3,Afternoon,0.3333333333333333,1.584962500721156,2,Tue,0.6666666666666666,0.9182958340544896,1
54,CUST1054,10,785.5546927357638,78.55546927357638,67.29350647440307,60.92326608323805,0.0,0.2,0.9901436307933225,0.18375136762553027,1.0,10.3,6.092800852007411,12.8,8.066391179868893,1.0,0.0,234000.0,164175.3940150594,219600.0,36000.0,507600.0,8.0,0.8888888888888888,5.0,0.5555555555555556,8.0,0.8888888888888888,5.0,0.5555555555555556,8.0,0.8888888888888888,3,Web,0.6,1.295461844238322,4,Lagos,0.4,1.7219280948873623,4,Online,0.4,1.9219280948873623,4,Morning,0.4,1.8464393446710154,5,Sat,0.3,2.2464393446710154,0
55,CUST1055,5,263.30040169409995,52.66008033881999,37.008986599371,57.8917439012805,0.0,0.4,1.0565840938722295,0.12652588034353437,1.0,13.6,10.644247272588137,13.2,8.700574693662482,1.2,0.4472135954999579,690300.0,541800.0,734400.0,104400.0,1188000.0,1.0,0.25,3.0,0.75,4.0,1.0,3.0,0.75,3.0,0.75,2,POS Terminal,0.8,0.7219280948873623,4,Ibadan,0.4,1.9219280948873623,4,Online,0.4,1.9219280948873623,4,Morning,0.4,1.9219280948873623,3,Thu,0.6,1.3709505944546687,1
56,CUST1056,7,599.6979236752162,85.67113195360231,73.29348281459166,54.2342561753434,0.0,0.42857142857142855,0.977961908216069,0.10348749397083987,1.0,10.285714285714286,6.447590912226719,16.285714285714285,9.978548420057326,1.0,0.0,370200.0,341384.9205808599,279000.0,36000.0,907200.0,6.0,1.0,6.0,1.0,3.0,0.5,3.0,0.5,6.0,1.0,4,ATM Machine,0.42857142857142855,1.8423709931771088,4,Lagos,0.42857142857142855,1.8423709931771088,4,Online,0.5714285714285714,1.6644977792004614,4,Evening,0.2857142857142857,1.950212064914747,6,Sat,0.2857142857142857,2.5216406363433186,0
57,CUST1057,10,815.7366692518642,81.57366692518642,74.8719031285107,55.267181942195705,0.0,0.4,0.9974615832451301,0.18700278754709737,1.0,10.8,5.3499740393970345,10.4,8.75848794662133,1.4,0.5163977794943222,387600.0,343644.46743691363,280800.0,3600.0,1141200.0,7.0,0.7777777777777778,8.0,0.8888888888888888,5.0,0.5555555555555556,8.0,0.8888888888888888,9.0,1.0,4,ATM Machine,0.3,1.9709505944546686,5,Abuja,0.2,2.321928094887362,3,ATM,0.5,1.3609640474436813,4,Evening,0.3,1.9709505944546686,6,Mon,0.2,2.521928094887362,0
58,CUST1058,10,866.3315126221571,86.6331512622157,53.56027458050556,84.52439334338291,0.0,0.4,1.0759644178570171,0.10188694982128457,1.0389097738129571,13.5,5.421151989096864,13.5,8.733715004382601,1.3,0.4830458915396479,334000.0,265466.6080696403,374400.0,14400.0,770400.0,7.0,0.7777777777777778,8.0,0.8888888888888888,6.0,0.6666666666666666,8.0,0.8888888888888888,8.0,0.8888888888888888,4,Web,0.4,1.8464393446710154,5,Abuja,0.4,2.0464393446710156,4,Online,0.4,1.8464393446710154,4,Evening,0.4,1.8464393446710154,6,Thu,0.4,2.321928094887362,0
59,CUST1059,10,838.0404191499342,83.80404191499342,80.11635312128514,49.1446370489778,0.0,0.3,0.7579124630333689,0.32971304576939814,0.8234810184236296,12.2,8.270429251254134,11.2,9.908470001860923,1.5,0.5270462766947298,337600.0,404522.830010866,122400.0,25200.0,1152000.0,5.0,0.5555555555555556,6.0,0.6666666666666666,8.0,0.8888888888888888,8.0,0.8888888888888888,9.0,1.0,4,Mobile,0.4,1.9219280948873623,4,Abuja,0.5,1.6854752972273346,3,POS,0.5,1.3609640474436813,4,Afternoon,0.3,1.9709505944546686,7,Thu,0.4,2.5219280948873624,0
60,CUST1060,6,492.92198162177084,82.15366360362847,89.65430120421331,62.437925684603854,0.0,0.5,0.8121392252329351,0.2940365480557808,1.0,9.833333333333334,7.5210814825174355,14.833333333333334,12.828354012369111,1.3333333333333333,0.5163977794943223,560880.0,635695.1722327298,356400.0,126000.0,1659600.0,4.0,0.8,4.0,0.8,4.0,0.8,4.0,0.8,5.0,1.0,4,ATM Machine,0.5,1.7924812503605778,3,Port Harcourt,0.5,1.4591479170272448,3,ATM,0.5,1.4591479170272448,3,Night,0.6666666666666666,1.2516291673878228,4,Wed,0.5,1.7924812503605778,1
61,CUST1061,5,482.3969985691986,96.47939971383973,74.07014435701902,114.75681129208,0.0,0.2,1.0986472374013359,0.13711339410412823,1.0,13.8,4.868264577855234,7.4,3.5777087639996634,1.4,0.5477225575051662,705600.0,861310.8149791224,415800.0,25200.0,1965600.0,1.0,0.25,3.0,0.75,4.0,1.0,4.0,1.0,3.0,0.75,2,Mobile,0.8,0.7219280948873623,3,Lagos,0.6,1.3709505944546687,3,ATM,0.6,1.3709505944546687,4,Night,0.4,1.9219280948873623,4,Sat,0.4,1.9219280948873623,1
62,CUST1062,7,457.5973032987732,65.37104332839617,65.53581040942223,27.2573729677483,0.0,0.2857142857142857,1.180117347322529,0.1824972480165272,1.1939655172413792,12.571428571428571,6.679749068568939,12.714285714285714,9.050124966251124,1.0,0.0,354000.0,278600.61737189314,342000.0,43200.0,784800.0,6.0,1.0,6.0,1.0,4.0,0.6666666666666666,6.0,1.0,6.0,1.0,4,Mobile,0.2857142857142857,1.950212064914747,5,Abuja,0.2857142857142857,2.2359263506290326,3,POS,0.5714285714285714,1.3787834934861753,4,Afternoon,0.42857142857142855,1.8423709931771088,5,Mon,0.2857142857142857,2.2359263506290326,0
63,CUST1063,6,171.9669971805241,28.661166196754014,14.566472844908198,31.035914504307748,0.0,0.6666666666666666,0.838306623342072,0.2340102079077712,0.9559139784946237,15.333333333333334,7.685484153042452,14.5,10.310189135025603,1.3333333333333333,0.5163977794943223,653040.0,477408.05188015,572400.0,129600.0,1436400.0,4.0,0.8,4.0,0.8,3.0,0.6,3.0,0.6,4.0,0.8,3,POS Terminal,0.5,1.4591479170272448,5,Ibadan,0.3333333333333333,2.2516291673878226,3,Online,0.5,1.4591479170272448,3,Evening,0.5,1.4591479170272448,5,Wed,0.3333333333333333,2.2516291673878226,1
64,CUST1064,5,128.8883121584616,25.777662431692317,7.417427394795274,25.3704232386046,0.0,0.2,0.932550754260998,0.11068884155469584,0.9354838709677419,12.2,8.814760348415605,15.8,11.541230437002806,1.0,0.0,566100.0,589568.0113438992,351000.0,140400.0,1422000.0,4.0,1.0,3.0,0.75,3.0,0.75,4.0,1.0,4.0,1.0,3,Mobile,0.4,1.5219280948873621,3,Kano,0.6,1.3709505944546687,3,ATM,0.4,1.5219280948873621,3,Afternoon,0.4,1.5219280948873621,4,Thu,0.4,1.9219280948873623,1
65,CUST1065,10,575.2496539762167,57.52496539762167,51.41675344288326,42.05224484641,0.0,0.0,2.111476546603561,1.6392291490483049,1.703331130477882,13.9,7.218032973047435,13.7,9.978309810116475,1.1,0.31622776601683794,345200.0,338540.9281017585,298800.0,14400.0,889200.0,7.0,0.7777777777777778,8.0,0.8888888888888888,7.0,0.7777777777777778,6.0,0.6666666666666666,8.0,0.8888888888888888,3,POS Terminal,0.5,1.3609640474436813,5,Kano,0.3,2.2464393446710154,4,POS,0.6,1.5709505944546687,4,Afternoon,0.4,1.7219280948873623,5,Tue,0.3,2.2464393446710154,0
66,CUST1066,9,800.041232374813,88.89347026386811,83.31343282553316,41.8716605395733,0.0,0.3333333333333333,0.9488549681988303,0.15060266157423705,1.0,9.666666666666666,7.44983221287567,11.777777777777779,8.842762263254873,1.3333333333333333,0.5,337950.0,290116.46429863793,264600.0,54000.0,838800.0,7.0,0.875,6.0,0.75,7.0,0.875,5.0,0.625,6.0,0.75,3,POS Terminal,0.5555555555555556,1.3516441151533922,5,Lagos,0.3333333333333333,2.113283334294875,4,POS,0.4444444444444444,1.7527152789797045,4,Evening,0.5555555555555556,1.6577427265048887,4,Sun,0.3333333333333333,1.974937501201927,0
67,CUST1067,7,515.0162889024327,73.57375555749039,58.29891774428765,63.6107767874175,0.0,0.42857142857142855,0.9815732430743459,0.2954821113193055,1.0,7.428571428571429,4.720774754816659,13.428571428571429,5.740416444159861,1.2857142857142858,0.48795003647426655,378600.0,417720.49985606404,262800.0,57600.0,1184400.0,5.0,0.8333333333333334,4.0,0.6666666666666666,4.0,0.6666666666666666,6.0,1.0,4.0,0.6666666666666666,4,POS Terminal,0.42857142857142855,1.8423709931771088,4,Ibadan,0.42857142857142855,1.8423709931771088,3,Online,0.42857142857142855,1.5566567074628228,3,Afternoon,0.42857142857142855,1.5566567074628228,3,Thu,0.7142857142857143,1.1488348542809166,1
68,CUST1068,5,292.594708531029,58.51894170620581,34.69644681831129,55.3913591277835,0.0,0.2,0.7931850437722199,0.20546473941990567,0.7468879668049793,9.0,10.173494974687902,19.0,10.977249200050075,1.2,0.4472135954999579,666000.0,371352.9857157473,529200.0,399600.0,1206000.0,4.0,1.0,4.0,1.0,2.0,0.5,2.0,0.5,4.0,1.0,3,ATM Machine,0.4,1.5219280948873621,4,Port Harcourt,0.4,1.9219280948873623,2,POS,0.6,0.9709505944546686,3,Night,0.6,1.3709505944546687,4,Mon,0.4,1.9219280948873623,1
69,CUST1069,6,262.3663162120051,43.727719368667515,41.667052072126374,23.8663683019359,0.0,0.3333333333333333,1.0194971038769232,0.16964643050002384,1.0,11.666666666666666,7.312090444371341,15.833333333333334,11.771434350437787,1.1666666666666667,0.408248290463863,620640.0,534157.9990976453,694800.0,18000.0,1321200.0,3.0,0.6,5.0,1.0,3.0,0.6,5.0,1.0,3.0,0.6,2,Mobile,0.6666666666666666,0.9182958340544896,4,Abuja,0.3333333333333333,1.9182958340544893,3,POS,0.5,1.4591479170272448,4,Morning,0.3333333333333333,1.9182958340544893,3,Tue,0.5,1.4591479170272448,1
70,CUST1070,6,412.7129753660813,68.78549589434688,55.287154024717914,58.7188265791536,0.0,0.3333333333333333,1.7976902130168166,1.5477935285426911,1.1969225732525781,8.833333333333334,7.440878084384037,16.666666666666668,10.424330514074594,1.3333333333333333,0.5163977794943223,365040.0,105989.28247705048,403200.0,180000.0,439200.0,1.0,0.2,4.0,0.8,4.0,0.8,3.0,0.6,4.0,0.8,2,ATM Machine,0.8333333333333334,0.6500224216483541,3,Abuja,0.3333333333333333,1.584962500721156,3,POS,0.5,1.4591479170272448,3,Evening,0.5,1.4591479170272448,4,Fri,0.3333333333333333,1.9182958340544893,1
71,CUST1071,5,474.0296777310186,94.80593554620371,92.85073848571574,76.4773735750864,0.0,0.0,1.9280666172206538,0.8777335212082686,1.6176470588235294,14.4,6.730527468185535,9.0,6.745368781616021,1.6,0.5477225575051661,469800.0,570616.0881012732,270000.0,39600.0,1299600.0,4.0,1.0,3.0,0.75,4.0,1.0,4.0,1.0,4.0,1.0,3,ATM Machine,0.4,1.5219280948873621,3,Kano,0.4,1.5219280948873621,4,ATM,0.4,1.9219280948873623,4,Afternoon,0.4,1.9219280948873623,4,Sat,0.4,1.9219280948873623,1
72,CUST1072,13,813.960002118838,62.612307855295235,50.11659309454337,59.8082340880826,0.0,0.15384615384615385,0.7438368402562209,0.2482250516470973,0.8305489260143198,7.769230769230769,6.710114829542117,14.153846153846153,9.254243655806002,1.3076923076923077,0.48038446141526137,290100.0,242471.34413631796,219600.0,28800.0,712800.0,10.0,0.8333333333333334,7.0,0.5833333333333334,10.0,0.8333333333333334,11.0,0.9166666666666666,7.0,0.5833333333333334,4,Mobile,0.3076923076923077,1.95006375643621,5,Lagos,0.3076923076923077,2.199687794731328,4,POS,0.38461538461538464,1.8262452584026092,4,Evening,0.3076923076923077,1.95006375643621,5,Fri,0.38461538461538464,2.038159681645953,0
73,CUST1073,3,240.5857514945449,80.19525049818164,58.0416224893026,67.49726779136,0.0,0.3333333333333333,0.913322632423756,0.15012960450837776,1.0,16.333333333333332,4.509249752822894,13.0,10.535653752852738,1.3333333333333333,0.5773502691896258,829800.0,94186.62325404813,829800.0,763200.0,896400.0,2.0,1.0,2.0,1.0,2.0,1.0,0.0,0.0,2.0,1.0,3,ATM Machine,0.3333333333333333,1.584962500721156,2,Port Harcourt,0.6666666666666666,0.9182958340544896,3,ATM,0.3333333333333333,1.584962500721156,1,Morning,1.0,-0.0,3,Fri,0.3333333333333333,1.584962500721156,1
74,CUST1074,10,690.8225537584417,69.08225537584417,61.77032821271879,63.99535384504135,0.0,0.1,0.8845393170166439,0.1588765991186087,0.96398891966759,10.2,7.177124153246279,9.5,7.54615428178118,1.4,0.5163977794943222,364400.0,219088.74914061654,349200.0,25200.0,752400.0,6.0,0.6666666666666666,7.0,0.7777777777777778,7.0,0.7777777777777778,7.0,0.7777777777777778,9.0,1.0,3,POS Terminal,0.5,1.3609640474436813,3,Ibadan,0.6,1.295461844238322,4,Online,0.5,1.7609640474436812,4,Afternoon,0.3,1.9709505944546686,6,Sat,0.3,2.4464393446710155,0
75,CUST1075,8,1050.350813478905,131.2938516848631,137.0528585778743,84.25220681004504,0.0,0.25,1.0704395249126366,0.14973986675271525,1.0,11.625,6.186101934405635,12.75,9.662150012142373,1.25,0.4629100498862757,409371.4285714286,357560.0169402134,363600.0,14400.0,1000800.0,4.0,0.5714285714285714,6.0,0.8571428571428571,4.0,0.5714285714285714,5.0,0.7142857142857143,5.0,0.7142857142857143,4,Web,0.625,1.5487949406953985,4,Lagos,0.5,1.75,2,POS,0.75,0.8112781244591328,4,Night,0.5,1.75,4,Sat,0.375,1.9056390622295665,0
76,CUST1076,9,414.7014695131269,46.0779410570141,26.794726033779135,62.1496077546814,0.0,0.4444444444444444,0.7428053779949667,0.439483923096988,0.7280000000000001,11.0,8.0,19.444444444444443,5.681353516353105,1.1111111111111112,0.3333333333333333,277200.0,341178.8638571521,153000.0,36000.0,1069200.0,6.0,0.75,6.0,0.75,3.0,0.375,7.0,0.875,8.0,1.0,4,ATM Machine,0.4444444444444444,1.836591668108979,4,Ibadan,0.3333333333333333,1.8910611120726526,3,Online,0.5555555555555556,1.4355205042826666,4,Night,0.4444444444444444,1.7527152789797045,6,Sun,0.3333333333333333,2.4193819456463714,0
77,CUST1077,4,336.605825730694,84.1514564326735,52.48625971472508,89.75546654117244,0.0,0.5,1.0,0.0,1.0,16.25,4.716990566028302,11.0,11.105554165971787,1.25,0.5,925200.0,440658.2349168117,702000.0,640800.0,1432800.0,2.0,0.6666666666666666,3.0,1.0,3.0,1.0,2.0,0.6666666666666666,3.0,1.0,3,ATM Machine,0.5,1.5,3,Port Harcourt,0.5,1.5,3,POS,0.5,1.5,3,Night,0.5,1.5,4,Sat,0.25,2.0,1
78,CUST1078,11,1143.1199663472898,103.91999694066271,72.8532777607619,68.4953368341177,0.0,0.09090909090909091,0.9374590223028807,0.24841908620209607,1.0,7.909090909090909,8.653953379289092,16.454545454545453,8.6297582395295,1.0909090909090908,0.30151134457776363,289800.0,233604.28078269455,181800.0,64800.0,666000.0,8.0,0.8,8.0,0.8,8.0,0.8,8.0,0.8,8.0,0.8,4,Mobile,0.36363636363636365,1.9362600275315274,5,Ibadan,0.36363636363636365,2.1180782093497093,4,POS,0.45454545454545453,1.8585552118703144,3,Afternoon,0.5454545454545454,1.4353713907745331,7,Sat,0.2727272727272727,2.663532754804255,0
79,CUST1079,14,737.5111429721668,52.679367355154774,35.49176665172292,48.5492179077168,0.0,0.2857142857142857,1.0660146638484014,0.34414536643945487,1.0,14.071428571428571,6.764889966860974,12.571428571428571,9.811408475022139,1.2857142857142858,0.4688072309384955,249230.76923076922,227433.1820726525,162000.0,7200.0,633600.0,10.0,0.7692307692307693,10.0,0.7692307692307693,10.0,0.7692307692307693,10.0,0.7692307692307693,10.0,0.7692307692307693,4,Mobile,0.42857142857142855,1.8423709931771088,5,Port Harcourt,0.35714285714285715,2.209888638014727,4,ATM,0.35714285714285715,1.809200032697812,4,Evening,0.35714285714285715,1.924174352300441,7,Wed,0.2857142857142857,2.610577243331642,0
80,CUST1080,7,773.8042752183195,110.54346788833136,103.00933729484443,46.7799020972466,0.0,0.5714285714285714,1.0353533052016837,0.43955885126055866,1.0,10.142857142857142,6.067085281214021,9.857142857142858,9.245333443212877,1.7142857142857142,0.48795003647426655,361200.0,316183.03559805354,311400.0,57600.0,849600.0,4.0,0.6666666666666666,5.0,0.8333333333333334,6.0,1.0,4.0,0.6666666666666666,4.0,0.6666666666666666,4,Mobile,0.42857142857142855,1.8423709931771088,4,Abuja,0.5714285714285714,1.6644977792004614,4,ATM,0.2857142857142857,1.950212064914747,3,Afternoon,0.7142857142857143,1.1488348542809166,4,Fri,0.42857142857142855,1.8423709931771088,0
81,CUST1081,6,522.3651519388951,87.06085865648252,59.622589619315164,70.697529953205,0.0,0.6666666666666666,0.8599552988925528,0.2804225793086251,1.0,14.666666666666666,7.2571803523590805,14.833333333333334,12.056809970579558,1.5,0.5477225575051662,597600.0,772789.285640012,280800.0,32400.0,1940400.0,4.0,0.8,5.0,1.0,4.0,0.8,3.0,0.6,4.0,0.8,4,ATM Machine,0.3333333333333333,1.9182958340544893,4,Ibadan,0.3333333333333333,1.9182958340544893,4,POS,0.5,1.7924812503605778,4,Afternoon,0.5,1.7924812503605778,4,Thu,0.5,1.7924812503605778,1
82,CUST1082,10,675.187751430362,67.51877514303621,64.14740860133182,45.19033557503095,0.0,0.1,0.8642684063473661,0.1459805908342771,0.8999563263570436,6.8,5.513619500836089,16.1,10.170217958988555,1.3,0.4830458915396479,358800.0,169716.2337550536,338400.0,111600.0,637200.0,4.0,0.4444444444444444,7.0,0.7777777777777778,5.0,0.5555555555555556,7.0,0.7777777777777778,8.0,0.8888888888888888,4,ATM Machine,0.5,1.7609640474436812,4,Kano,0.4,1.9219280948873623,4,POS,0.5,1.6854752972273346,4,Afternoon,0.3,1.8954618442383218,6,Wed,0.3,2.4464393446710155,0
83,CUST1083,7,458.6559363272329,65.52227661817612,41.42141166280109,67.0056834012667,0.0,0.0,0.9180428188177341,0.20652406948737456,1.0,8.571428571428571,5.826867164470197,14.571428571428571,9.692903638868023,1.1428571428571428,0.37796447300922725,414600.0,292779.09761456674,502200.0,54000.0,766800.0,4.0,0.6666666666666666,3.0,0.5,4.0,0.6666666666666666,3.0,0.5,5.0,0.8333333333333334,4,POS Terminal,0.42857142857142855,1.8423709931771088,3,Lagos,0.5714285714285714,1.3787834934861753,3,POS,0.7142857142857143,1.1488348542809166,3,Night,0.7142857142857143,1.1488348542809166,4,Tue,0.42857142857142855,1.8423709931771088,1
84,CUST1084,7,632.3054188477242,90.3293455496749,145.61314952588927,31.4310061922133,0.0,0.42857142857142855,0.8469613326814239,0.33313640820064555,1.0,13.571428571428571,7.4129873163510105,19.571428571428573,10.064080399406311,1.1428571428571428,0.37796447300922725,340200.0,353003.81867622904,262800.0,3600.0,990000.0,4.0,0.6666666666666666,4.0,0.6666666666666666,5.0,0.8333333333333334,6.0,1.0,4.0,0.6666666666666666,3,ATM Machine,0.42857142857142855,1.4488156357251847,4,Kano,0.42857142857142855,1.8423709931771088,3,POS,0.5714285714285714,1.3787834934861753,4,Afternoon,0.42857142857142855,1.8423709931771088,4,Sat,0.42857142857142855,1.8423709931771088,1
85,CUST1085,4,299.4443636857536,74.8610909214384,25.9316169769218,70.66024523569905,0.0,0.5,1.0,0.0,1.0,12.5,7.32575365861197,16.5,12.503332889007368,1.0,0.0,844800.0,289667.6716514979,896400.0,532800.0,1105200.0,2.0,0.6666666666666666,1.0,0.3333333333333333,3.0,1.0,1.0,0.3333333333333333,2.0,0.6666666666666666,3,ATM Machine,0.5,1.5,2,Lagos,0.5,1.0,3,POS,0.5,1.5,2,Morning,0.75,0.8112781244591328,3,Wed,0.5,1.5,1
86,CUST1086,7,635.0525513424062,90.72179304891517,96.47925284413118,67.3056394801942,0.0,0.0,1.0161159837162623,0.21804717557001665,1.0,12.857142857142858,7.967194642795572,14.571428571428571,5.68205194324324,1.1428571428571428,0.37796447300922725,447600.0,504496.8979091943,248400.0,111600.0,1425600.0,5.0,0.8333333333333334,5.0,0.8333333333333334,6.0,1.0,6.0,1.0,6.0,1.0,4,POS Terminal,0.42857142857142855,1.8423709931771088,4,Abuja,0.2857142857142857,1.950212064914747,3,Online,0.42857142857142855,1.5566567074628228,3,Night,0.42857142857142855,1.5566567074628228,6,Wed,0.2857142857142857,2.5216406363433186,0
87,CUST1087,11,940.0444627973039,85.45858752702763,91.43246301859371,58.0556210268929,0.0,0.09090909090909091,1.1061051124508212,0.3840728643358794,1.0,15.727272727272727,5.746144952764577,13.909090909090908,10.014534891392065,1.3636363636363635,0.504524979109513,320400.0,388888.8787301586,118800.0,7200.0,1209600.0,7.0,0.7,8.0,0.8,6.0,0.6,7.0,0.7,8.0,0.8,4,ATM Machine,0.36363636363636365,1.9362600275315274,5,Abuja,0.2727272727272727,2.1626441180472606,3,ATM,0.36363636363636365,1.5726236638951638,3,Morning,0.45454545454545453,1.5394847569315018,6,Tue,0.36363636363636365,2.3685225277282065,0
88,CUST1088,9,777.9575300619094,86.43972556243438,64.44450222242214,80.2853022504224,0.0,0.2222222222222222,1.0344118390286843,0.13187459887272385,1.0,7.555555555555555,4.639803635691685,11.777777777777779,8.105210943858552,1.0,0.0,280800.0,219384.9063697344,259200.0,32400.0,720000.0,7.0,0.875,6.0,0.75,6.0,0.75,7.0,0.875,8.0,1.0,4,ATM Machine,0.4444444444444444,1.7527152789797045,5,Abuja,0.4444444444444444,2.058813890331201,4,Online,0.4444444444444444,1.7527152789797045,4,Evening,0.3333333333333333,1.8910611120726526,6,Sun,0.3333333333333333,2.4193819456463714,0
89,CUST1089,6,211.96086443101794,35.32681073850299,43.70645739635191,24.864272608723898,0.0,0.16666666666666666,1.0258249475506174,0.08065019157893735,1.0,12.5,5.282045058497704,8.666666666666666,7.607014306984486,1.3333333333333333,0.5163977794943223,601920.0,431965.4986222858,774000.0,90000.0,1044000.0,4.0,0.8,4.0,0.8,3.0,0.6,4.0,0.8,4.0,0.8,4,ATM Machine,0.3333333333333333,1.9182958340544893,3,Lagos,0.5,1.4591479170272448,2,POS,0.6666666666666666,0.9182958340544896,3,Afternoon,0.3333333333333333,1.584962500721156,3,Sat,0.5,1.4591479170272448,1
90,CUST1090,3,85.85312722374641,28.617709074582137,22.474390878128784,29.4763330323883,0.0,0.6666666666666666,1.0,0.0,1.0,16.0,5.291502622129181,7.0,3.0,2.0,0.0,262800.0,45820.51942088828,262800.0,230400.0,295200.0,2.0,1.0,2.0,1.0,2.0,1.0,2.0,1.0,2.0,1.0,2,ATM Machine,0.6666666666666666,0.9182958340544896,3,Ibadan,0.3333333333333333,1.584962500721156,3,ATM,0.3333333333333333,1.584962500721156,3,Afternoon,0.3333333333333333,1.584962500721156,3,Sat,0.3333333333333333,1.584962500721156,1
91,CUST1091,6,539.1711260216215,89.86185433693691,71.310421447514,95.16061264339265,0.0,0.0,1.0846273888791464,0.11945526623163076,1.0210727969348659,13.0,7.536577472566709,11.0,8.809086218218097,1.3333333333333333,0.5163977794943223,385200.0,275194.0406331503,403200.0,43200.0,658800.0,3.0,0.6,3.0,0.6,3.0,0.6,5.0,1.0,5.0,1.0,3,ATM Machine,0.3333333333333333,1.584962500721156,4,Kano,0.3333333333333333,1.9182958340544893,3,POS,0.5,1.4591479170272448,4,Afternoon,0.3333333333333333,1.9182958340544893,5,Sun,0.3333333333333333,2.2516291673878226,0
92,CUST1092,5,266.43160819107743,53.28632163821548,60.07800494133807,26.8798737226213,0.0,0.4,1.182655510946295,0.25201326918087025,1.0,10.2,5.848076606885378,9.2,12.37739875741264,1.2,0.4472135954999579,726300.0,883951.5145074418,293400.0,266400.0,2052000.0,3.0,0.75,2.0,0.5,4.0,1.0,3.0,0.75,3.0,0.75,3,Mobile,0.6,1.3709505944546687,3,Ibadan,0.4,1.5219280948873621,3,Online,0.4,1.5219280948873621,3,Afternoon,0.4,1.5219280948873621,3,Sat,0.6,1.3709505944546687,1
93,CUST1093,14,1233.4085702066566,88.10061215761833,75.31282924661703,50.414360634953255,0.0,0.14285714285714285,1.1668249998691775,0.3527794990323691,1.1619444444444444,7.857142857142857,5.586482901503522,8.428571428571429,8.635475005547093,1.2857142857142858,0.4688072309384955,222092.3076923077,205585.87200785652,144000.0,18000.0,594000.0,8.0,0.6153846153846154,8.0,0.6153846153846154,8.0,0.6153846153846154,10.0,0.7692307692307693,11.0,0.8461538461538461,4,Mobile,0.5714285714285714,1.610577243331642,5,Lagos,0.35714285714285715,2.1559681021459074,4,POS,0.5,1.7244078178625923,4,Evening,0.5,1.7244078178625923,7,Thu,0.2857142857142857,2.610577243331642,0
94,CUST1094,12,647.9119858814361,53.99266549011967,29.154199359253415,58.720222317925504,0.0,0.4166666666666667,0.9843990922765147,0.20062142211116782,1.0,10.75,8.247589179434634,12.166666666666666,9.12372863704441,1.3333333333333333,0.49236596391733095,277854.54545454547,186685.72716539612,259200.0,43200.0,590400.0,9.0,0.8181818181818182,10.0,0.9090909090909091,7.0,0.6363636363636364,11.0,1.0,10.0,0.9090909090909091,4,Mobile,0.3333333333333333,1.9182958340544893,5,Abuja,0.25,2.292481250360578,4,Online,0.4166666666666667,1.650022421648354,4,Evening,0.3333333333333333,1.9591479170272448,6,Sat,0.3333333333333333,2.355388542207534,0
95,CUST1095,7,662.484409121959,94.64062987456556,68.15293706980874,86.0513208677787,0.0,0.2857142857142857,0.9297316168398756,0.1110708276083981,1.0,13.285714285714286,8.750510189207745,21.428571428571427,8.223080178318074,1.1428571428571428,0.37796447300922725,387000.0,324229.9184220975,363600.0,72000.0,921600.0,6.0,1.0,5.0,0.8333333333333334,6.0,1.0,5.0,0.8333333333333334,5.0,0.8333333333333334,3,Mobile,0.42857142857142855,1.5566567074628228,4,Lagos,0.5714285714285714,1.6644977792004614,3,POS,0.5714285714285714,1.3787834934861753,3,Evening,0.42857142857142855,1.4488156357251847,4,Mon,0.2857142857142857,1.950212064914747,0
96,CUST1096,8,683.4442964250647,85.4305370531331,85.36326770933131,59.964258532642546,0.0,0.25,1.1860995330497734,0.34344420560303396,1.111360946745562,11.625,8.279708414465539,13.25,9.392246042043709,1.25,0.4629100498862757,453600.0,197606.88247123378,406800.0,147600.0,723600.0,4.0,0.5714285714285714,6.0,0.8571428571428571,6.0,0.8571428571428571,5.0,0.7142857142857143,5.0,0.7142857142857143,4,POS Terminal,0.5,1.75,5,Ibadan,0.375,2.1556390622295662,3,ATM,0.375,1.561278124459133,3,Morning,0.375,1.561278124459133,3,Sat,0.375,1.561278124459133,0
97,CUST1097,11,693.6459455014198,63.058722318310885,52.414903701209596,58.103278516366,0.0,0.2727272727272727,1.0705888344326422,0.29880137639278326,1.0,11.272727272727273,6.100670603973127,15.727272727272727,8.18646332784688,1.1818181818181819,0.40451991747794525,296280.0,288370.01231057296,127800.0,43200.0,864000.0,7.0,0.7,9.0,0.9,5.0,0.5,7.0,0.7,10.0,1.0,4,POS Terminal,0.36363636363636365,1.867633890971212,5,Port Harcourt,0.36363636363636365,2.1867043459100244,3,Online,0.36363636363636365,1.5726236638951638,4,Afternoon,0.36363636363636365,1.867633890971212,7,Thu,0.2727272727272727,2.663532754804255,0
98,CUST1098,12,1106.938968004547,92.24491400037891,94.02676500773154,63.14434096926615,0.0,0.25,0.8865052630303065,0.3625661264386567,0.9702970297029703,14.0,6.48074069840786,18.583333333333332,9.67149827006544,1.25,0.45226701686664544,199309.0909090909,153507.58583565473,165600.0,7200.0,496800.0,5.0,0.45454545454545453,7.0,0.6363636363636364,7.0,0.6363636363636364,9.0,0.8181818181818182,10.0,0.9090909090909091,4,POS Terminal,0.5833333333333334,1.6140054628542204,5,Ibadan,0.25,2.292481250360578,4,Online,0.5833333333333334,1.6140054628542204,4,Evening,0.4166666666666667,1.7841591278514217,6,Thu,0.25,2.4591479170272446,0
99,CUST1099,13,1230.4350531550308,94.64885024269468,81.33851055663001,91.544086599017,0.0,0.23076923076923078,0.9803778944890612,0.36730210297230625,1.0,14.615384615384615,6.198635085490751,13.23076923076923,9.047594948878643,1.2307692307692308,0.43852900965351466,280500.0,283187.5767691154,196200.0,10800.0,936000.0,9.0,0.75,7.0,0.5833333333333334,11.0,0.9166666666666666,7.0,0.5833333333333334,12.0,1.0,4,Mobile,0.3076923076923077,1.95006375643621,5,Port Harcourt,0.38461538461538464,2.038159681645953,4,POS,0.38461538461538464,1.8262452584026092,4,Evening,0.38461538461538464,1.8262452584026092,6,Tue,0.3076923076923077,2.4116022179746714,0
100,CUST1100,7,722.5862701858064,103.22661002654377,126.06805923934904,52.7356996013516,0.0,0.2857142857142857,1.06488662274951,0.2806079724741725,1.0,10.285714285714286,7.1813249871753175,17.714285714285715,11.686377906410035,1.2857142857142858,0.48795003647426655,567000.0,583452.1677052884,432000.0,25200.0,1612800.0,5.0,0.8333333333333334,4.0,0.6666666666666666,5.0,0.8333333333333334,5.0,0.8333333333333334,5.0,0.8333333333333334,4,ATM Machine,0.42857142857142855,1.8423709931771088,4,Abuja,0.2857142857142857,1.950212064914747,4,POS,0.42857142857142855,1.8423709931771088,4,Afternoon,0.42857142857142855,1.8423709931771088,5,Fri,0.2857142857142857,2.2359263506290326,0
